{"cameraMode":{"drawMode":0,"name":"Shaded","section":"Shading Mode"},"sceneLighting":true,"audioPlay":false,"sceneViewState":{"showFog":true,"showMaterialUpdate":false,"showSkybox":true,"showFlares":true,"showImageEffects":true,"showParticleSystems":true},"in2DMode":false,"pivot":{"x":-401.8902587890625,"y":-202.41122436523438,"z":-1.1833877563476563},"rotation":{"x":0.1415901482105255,"y":0.21292760968208314,"z":-0.031201470643281938,"w":0.9662509560585022},"size":48.162811279296878,"orthographic":false}