{"cameraMode":{"drawMode":0,"name":"Shaded","section":"Shading Mode"},"sceneLighting":true,"audioPlay":false,"sceneViewState":{"showFog":true,"showMaterialUpdate":false,"showSkybox":true,"showFlares":true,"showImageEffects":true,"showParticleSystems":true},"in2DMode":false,"pivot":{"x":-403.10076904296877,"y":-203.54576110839845,"z":4.068729400634766},"rotation":{"x":0.05072411894798279,"y":0.0996023640036583,"z":-0.005084752570837736,"w":0.9937236905097961},"size":21.34208106994629,"orthographic":false}