{"cameraMode":{"drawMode":0,"name":"Shaded","section":"Shading Mode"},"sceneLighting":true,"audioPlay":false,"sceneViewState":{"showFog":true,"showMaterialUpdate":false,"showSkybox":true,"showFlares":true,"showImageEffects":true,"showParticleSystems":true},"in2DMode":false,"pivot":{"x":-2449.171875,"y":-712.5747680664063,"z":795.7919311523438},"rotation":{"x":0.10769465565681458,"y":-0.6468536257743836,"z":0.09305913746356964,"w":0.7492770552635193},"size":3405.308837890625,"orthographic":false}