{"cameraMode":{"drawMode":0,"name":"Shaded","section":"Shading Mode"},"sceneLighting":true,"audioPlay":false,"sceneViewState":{"showFog":true,"showMaterialUpdate":true,"showSkybox":true,"showFlares":true,"showImageEffects":true,"showParticleSystems":true},"in2DMode":false,"pivot":{"x":-407.50469970703127,"y":-179.25149536132813,"z":10.807933807373047},"rotation":{"x":0.09606647491455078,"y":-0.04446728900074959,"z":0.0043600741773843769,"w":0.9944262504577637},"size":48.162811279296878,"orthographic":false}